<?xml version="1.0" encoding="ISO-8859-1" ?>
<link_info>
   <banner>TI ARM Linker PC v18.12.3.LTS</banner>
   <copyright>Copyright (c) 1996-2018 Texas Instruments Incorporated</copyright>
   <link_time>0x5df0237b</link_time>
   <link_errors>0x0</link_errors>
   <output_file>ADC_Digitising_red.out</output_file>
   <entry_point>
      <name>_c_int00_noinit_noargs</name>
      <address>0x15d</address>
   </entry_point>
   <input_file_list>
      <input_file id="fl-2">
         <path>.\</path>
         <kind>object</kind>
         <file>ADC_Digitising_red.obj</file>
         <name>ADC_Digitising_red.obj</name>
      </input_file>
      <input_file id="fl-3">
         <path>.\</path>
         <kind>object</kind>
         <file>filter.obj</file>
         <name>filter.obj</name>
      </input_file>
      <input_file id="fl-4">
         <path>.\</path>
         <kind>object</kind>
         <file>system_msp432p401r.obj</file>
         <name>system_msp432p401r.obj</name>
      </input_file>
      <input_file id="fl-5">
         <path>.\ccs\</path>
         <kind>object</kind>
         <file>startup_msp432p401r_ccs.obj</file>
         <name>startup_msp432p401r_ccs.obj</name>
      </input_file>
      <input_file id="fl-f">
         <kind>object</kind>
         <file>&lt;internal&gt;</file>
         <name>&lt;internal&gt;</name>
      </input_file>
      <input_file id="fl-c5">
         <path>C:\ti\ccs920\ccs\tools\compiler\ti-cgt-arm_18.12.3.LTS\lib\</path>
         <kind>archive</kind>
         <file>rtsv7M4_T_le_v4SPD16_eabi.lib</file>
         <name>copy_zero_init.c.obj</name>
      </input_file>
      <input_file id="fl-c6">
         <path>C:\ti\ccs920\ccs\tools\compiler\ti-cgt-arm_18.12.3.LTS\lib\</path>
         <kind>archive</kind>
         <file>rtsv7M4_T_le_v4SPD16_eabi.lib</file>
         <name>copy_decompress_none.c.obj</name>
      </input_file>
      <input_file id="fl-c7">
         <path>C:\ti\ccs920\ccs\tools\compiler\ti-cgt-arm_18.12.3.LTS\lib\</path>
         <kind>archive</kind>
         <file>rtsv7M4_T_le_v4SPD16_eabi.lib</file>
         <name>copy_decompress_lzss.c.obj</name>
      </input_file>
      <input_file id="fl-c8">
         <path>C:\ti\ccs920\ccs\tools\compiler\ti-cgt-arm_18.12.3.LTS\lib\</path>
         <kind>archive</kind>
         <file>rtsv7M4_T_le_v4SPD16_eabi.lib</file>
         <name>boot_cortex_m.c.obj</name>
      </input_file>
      <input_file id="fl-c9">
         <path>C:\ti\ccs920\ccs\tools\compiler\ti-cgt-arm_18.12.3.LTS\lib\</path>
         <kind>archive</kind>
         <file>rtsv7M4_T_le_v4SPD16_eabi.lib</file>
         <name>memset_t2.asm.obj</name>
      </input_file>
      <input_file id="fl-ca">
         <path>C:\ti\ccs920\ccs\tools\compiler\ti-cgt-arm_18.12.3.LTS\lib\</path>
         <kind>archive</kind>
         <file>rtsv7M4_T_le_v4SPD16_eabi.lib</file>
         <name>memcpy_t2.asm.obj</name>
      </input_file>
      <input_file id="fl-cb">
         <path>C:\ti\ccs920\ccs\tools\compiler\ti-cgt-arm_18.12.3.LTS\lib\</path>
         <kind>archive</kind>
         <file>rtsv7M4_T_le_v4SPD16_eabi.lib</file>
         <name>autoinit.c.obj</name>
      </input_file>
      <input_file id="fl-cc">
         <path>C:\ti\ccs920\ccs\tools\compiler\ti-cgt-arm_18.12.3.LTS\lib\</path>
         <kind>archive</kind>
         <file>rtsv7M4_T_le_v4SPD16_eabi.lib</file>
         <name>pre_init.c.obj</name>
      </input_file>
      <input_file id="fl-cd">
         <path>C:\ti\ccs920\ccs\tools\compiler\ti-cgt-arm_18.12.3.LTS\lib\</path>
         <kind>archive</kind>
         <file>rtsv7M4_T_le_v4SPD16_eabi.lib</file>
         <name>cpy_tbl.c.obj</name>
      </input_file>
      <input_file id="fl-ce">
         <path>C:\ti\ccs920\ccs\tools\compiler\ti-cgt-arm_18.12.3.LTS\lib\</path>
         <kind>archive</kind>
         <file>rtsv7M4_T_le_v4SPD16_eabi.lib</file>
         <name>exit.c.obj</name>
      </input_file>
      <input_file id="fl-cf">
         <path>C:\ti\ccs920\ccs\tools\compiler\ti-cgt-arm_18.12.3.LTS\lib\</path>
         <kind>archive</kind>
         <file>rtsv7M4_T_le_v4SPD16_eabi.lib</file>
         <name>_lock.c.obj</name>
      </input_file>
      <input_file id="fl-d0">
         <path>C:\ti\ccs920\ccs\tools\compiler\ti-cgt-arm_18.12.3.LTS\lib\</path>
         <kind>archive</kind>
         <file>rtsv7M4_T_le_v4SPD16_eabi.lib</file>
         <name>args_main.c.obj</name>
      </input_file>
   </input_file_list>
   <object_component_list>
      <object_component id="oc-23">
         <name>.intvecs:retain</name>
         <load_address>0x0</load_address>
         <run_address>0x0</run_address>
         <size>0xe4</size>
         <input_file_ref idref="fl-5"/>
      </object_component>
      <object_component id="oc-a8">
         <name>.text:SystemInit</name>
         <load_address>0xe4</load_address>
         <run_address>0xe4</run_address>
         <size>0x78</size>
         <input_file_ref idref="fl-4"/>
      </object_component>
      <object_component id="oc-4c">
         <name>.text:_c_int00_noinit_noargs:_c_int00_noinit_noargs</name>
         <load_address>0x15c</load_address>
         <run_address>0x15c</run_address>
         <size>0x2c</size>
         <input_file_ref idref="fl-c8"/>
      </object_component>
      <object_component id="oc-96">
         <name>.text:main</name>
         <load_address>0x188</load_address>
         <run_address>0x188</run_address>
         <size>0x10</size>
         <input_file_ref idref="fl-2"/>
      </object_component>
      <object_component id="oc-64">
         <name>.text:Reset_Handler</name>
         <load_address>0x198</load_address>
         <run_address>0x198</run_address>
         <size>0xc</size>
         <input_file_ref idref="fl-5"/>
      </object_component>
      <object_component id="oc-90">
         <name>.text:_system_pre_init</name>
         <load_address>0x1a4</load_address>
         <run_address>0x1a4</run_address>
         <size>0x4</size>
         <input_file_ref idref="fl-cc"/>
      </object_component>
      <object_component id="oc-c8">
         <name>.text:abort:abort</name>
         <load_address>0x1a8</load_address>
         <run_address>0x1a8</run_address>
         <size>0x4</size>
         <input_file_ref idref="fl-ce"/>
      </object_component>
      <object_component id="oc-6a">
         <name>.text:Default_Handler</name>
         <load_address>0x1ac</load_address>
         <run_address>0x1ac</run_address>
         <size>0x2</size>
         <input_file_ref idref="fl-5"/>
      </object_component>
      <object_component id="oc-170">
         <name>.binit</name>
         <load_address>0x0</load_address>
         <run_address>0x0</run_address>
         <size>0x0</size>
      </object_component>
      <object_component id="oc-26">
         <name>.stack</name>
         <uninitialized>true</uninitialized>
         <run_address>0x2000fe00</run_address>
         <size>0x4</size>
         <input_file_ref idref="fl-c8"/>
      </object_component>
      <object_component id="oc-19c">
         <name>.stack</name>
         <uninitialized>true</uninitialized>
         <run_address>0x2000fe00</run_address>
         <size>0x0</size>
      </object_component>
      <object_component id="oc-10c">
         <name>.debug_info</name>
         <load_address>0x0</load_address>
         <run_address>0x0</run_address>
         <size>0x555</size>
         <input_file_ref idref="fl-2"/>
      </object_component>
      <object_component id="oc-97">
         <name>.debug_info</name>
         <load_address>0x555</load_address>
         <run_address>0x555</run_address>
         <size>0x138</size>
         <input_file_ref idref="fl-2"/>
      </object_component>
      <object_component id="oc-b2">
         <name>.debug_info</name>
         <load_address>0x68d</load_address>
         <run_address>0x68d</run_address>
         <size>0x26b</size>
         <input_file_ref idref="fl-2"/>
      </object_component>
      <object_component id="oc-134">
         <name>.debug_info</name>
         <load_address>0x8f8</load_address>
         <run_address>0x8f8</run_address>
         <size>0x1055</size>
         <input_file_ref idref="fl-2"/>
      </object_component>
      <object_component id="oc-12f">
         <name>.debug_info</name>
         <load_address>0x194d</load_address>
         <run_address>0x194d</run_address>
         <size>0x37e2</size>
         <input_file_ref idref="fl-2"/>
      </object_component>
      <object_component id="oc-2f">
         <name>.debug_info</name>
         <load_address>0x512f</load_address>
         <run_address>0x512f</run_address>
         <size>0x84</size>
         <input_file_ref idref="fl-2"/>
      </object_component>
      <object_component id="oc-107">
         <name>.debug_info</name>
         <load_address>0x51b3</load_address>
         <run_address>0x51b3</run_address>
         <size>0x297</size>
         <input_file_ref idref="fl-2"/>
      </object_component>
      <object_component id="oc-139">
         <name>.debug_info</name>
         <load_address>0x544a</load_address>
         <run_address>0x544a</run_address>
         <size>0xbb</size>
         <input_file_ref idref="fl-2"/>
      </object_component>
      <object_component id="oc-a9">
         <name>.debug_info</name>
         <load_address>0x5505</load_address>
         <run_address>0x5505</run_address>
         <size>0x140</size>
         <input_file_ref idref="fl-4"/>
      </object_component>
      <object_component id="oc-72">
         <name>.debug_info</name>
         <load_address>0x5645</load_address>
         <run_address>0x5645</run_address>
         <size>0x2e0</size>
         <input_file_ref idref="fl-5"/>
      </object_component>
      <object_component id="oc-24">
         <name>.debug_info</name>
         <load_address>0x5925</load_address>
         <run_address>0x5925</run_address>
         <size>0x10c</size>
         <input_file_ref idref="fl-5"/>
      </object_component>
      <object_component id="oc-66">
         <name>.debug_info</name>
         <load_address>0x5a31</load_address>
         <run_address>0x5a31</run_address>
         <size>0x16f</size>
         <input_file_ref idref="fl-5"/>
      </object_component>
      <object_component id="oc-6d">
         <name>.debug_info</name>
         <load_address>0x5ba0</load_address>
         <run_address>0x5ba0</run_address>
         <size>0x157</size>
         <input_file_ref idref="fl-5"/>
      </object_component>
      <object_component id="oc-27">
         <name>.debug_info</name>
         <load_address>0x5cf7</load_address>
         <run_address>0x5cf7</run_address>
         <size>0x10c</size>
         <input_file_ref idref="fl-c8"/>
      </object_component>
      <object_component id="oc-50">
         <name>.debug_info</name>
         <load_address>0x5e03</load_address>
         <run_address>0x5e03</run_address>
         <size>0x1a3</size>
         <input_file_ref idref="fl-c8"/>
      </object_component>
      <object_component id="oc-93">
         <name>.debug_info</name>
         <load_address>0x5fa6</load_address>
         <run_address>0x5fa6</run_address>
         <size>0x154</size>
         <input_file_ref idref="fl-cc"/>
      </object_component>
      <object_component id="oc-ca">
         <name>.debug_info</name>
         <load_address>0x60fa</load_address>
         <run_address>0x60fa</run_address>
         <size>0x123</size>
         <input_file_ref idref="fl-ce"/>
      </object_component>
      <object_component id="oc-19d">
         <name>.debug_info</name>
         <load_address>0x621d</load_address>
         <run_address>0x621d</run_address>
         <size>0xb4</size>
      </object_component>
      <object_component id="oc-12e">
         <name>.debug_line</name>
         <load_address>0x0</load_address>
         <run_address>0x0</run_address>
         <size>0x20</size>
         <input_file_ref idref="fl-2"/>
      </object_component>
      <object_component id="oc-9b">
         <name>.debug_line</name>
         <load_address>0x20</load_address>
         <run_address>0x20</run_address>
         <size>0x50</size>
         <input_file_ref idref="fl-2"/>
      </object_component>
      <object_component id="oc-b5">
         <name>.debug_line</name>
         <load_address>0x70</load_address>
         <run_address>0x70</run_address>
         <size>0x6f</size>
         <input_file_ref idref="fl-2"/>
      </object_component>
      <object_component id="oc-137">
         <name>.debug_line</name>
         <load_address>0xdf</load_address>
         <run_address>0xdf</run_address>
         <size>0x78</size>
         <input_file_ref idref="fl-2"/>
      </object_component>
      <object_component id="oc-132">
         <name>.debug_line</name>
         <load_address>0x157</load_address>
         <run_address>0x157</run_address>
         <size>0x7b</size>
         <input_file_ref idref="fl-2"/>
      </object_component>
      <object_component id="oc-32">
         <name>.debug_line</name>
         <load_address>0x1d2</load_address>
         <run_address>0x1d2</run_address>
         <size>0x20</size>
         <input_file_ref idref="fl-2"/>
      </object_component>
      <object_component id="oc-10a">
         <name>.debug_line</name>
         <load_address>0x1f2</load_address>
         <run_address>0x1f2</run_address>
         <size>0x73</size>
         <input_file_ref idref="fl-2"/>
      </object_component>
      <object_component id="oc-13c">
         <name>.debug_line</name>
         <load_address>0x265</load_address>
         <run_address>0x265</run_address>
         <size>0x70</size>
         <input_file_ref idref="fl-2"/>
      </object_component>
      <object_component id="oc-ac">
         <name>.debug_line</name>
         <load_address>0x2d5</load_address>
         <run_address>0x2d5</run_address>
         <size>0x66</size>
         <input_file_ref idref="fl-4"/>
      </object_component>
      <object_component id="oc-b1">
         <name>.debug_line</name>
         <load_address>0x33b</load_address>
         <run_address>0x33b</run_address>
         <size>0x44</size>
         <input_file_ref idref="fl-5"/>
      </object_component>
      <object_component id="oc-71">
         <name>.debug_line</name>
         <load_address>0x37f</load_address>
         <run_address>0x37f</run_address>
         <size>0x44</size>
         <input_file_ref idref="fl-5"/>
      </object_component>
      <object_component id="oc-69">
         <name>.debug_line</name>
         <load_address>0x3c3</load_address>
         <run_address>0x3c3</run_address>
         <size>0x5d</size>
         <input_file_ref idref="fl-5"/>
      </object_component>
      <object_component id="oc-6b">
         <name>.debug_line</name>
         <load_address>0x420</load_address>
         <run_address>0x420</run_address>
         <size>0x59</size>
         <input_file_ref idref="fl-5"/>
      </object_component>
      <object_component id="oc-74">
         <name>.debug_line</name>
         <load_address>0x479</load_address>
         <run_address>0x479</run_address>
         <size>0x33</size>
         <input_file_ref idref="fl-c8"/>
      </object_component>
      <object_component id="oc-4f">
         <name>.debug_line</name>
         <load_address>0x4ac</load_address>
         <run_address>0x4ac</run_address>
         <size>0x48</size>
         <input_file_ref idref="fl-c8"/>
      </object_component>
      <object_component id="oc-91">
         <name>.debug_line</name>
         <load_address>0x4f4</load_address>
         <run_address>0x4f4</run_address>
         <size>0x40</size>
         <input_file_ref idref="fl-cc"/>
      </object_component>
      <object_component id="oc-c9">
         <name>.debug_line</name>
         <load_address>0x534</load_address>
         <run_address>0x534</run_address>
         <size>0x3c</size>
         <input_file_ref idref="fl-ce"/>
      </object_component>
      <object_component id="oc-9a">
         <name>.debug_frame</name>
         <load_address>0x0</load_address>
         <run_address>0x0</run_address>
         <size>0x58</size>
         <input_file_ref idref="fl-2"/>
      </object_component>
      <object_component id="oc-ad">
         <name>.debug_frame</name>
         <load_address>0x58</load_address>
         <run_address>0x58</run_address>
         <size>0x54</size>
         <input_file_ref idref="fl-4"/>
      </object_component>
      <object_component id="oc-68">
         <name>.debug_frame</name>
         <load_address>0xac</load_address>
         <run_address>0xac</run_address>
         <size>0x58</size>
         <input_file_ref idref="fl-5"/>
      </object_component>
      <object_component id="oc-6f">
         <name>.debug_frame</name>
         <load_address>0x104</load_address>
         <run_address>0x104</run_address>
         <size>0x54</size>
         <input_file_ref idref="fl-5"/>
      </object_component>
      <object_component id="oc-4e">
         <name>.debug_frame</name>
         <load_address>0x158</load_address>
         <run_address>0x158</run_address>
         <size>0x50</size>
         <input_file_ref idref="fl-c8"/>
      </object_component>
      <object_component id="oc-95">
         <name>.debug_frame</name>
         <load_address>0x1a8</load_address>
         <run_address>0x1a8</run_address>
         <size>0x54</size>
         <input_file_ref idref="fl-cc"/>
      </object_component>
      <object_component id="oc-cd">
         <name>.debug_frame</name>
         <load_address>0x1fc</load_address>
         <run_address>0x1fc</run_address>
         <size>0x54</size>
         <input_file_ref idref="fl-ce"/>
      </object_component>
      <object_component id="oc-12d">
         <name>.debug_abbrev</name>
         <load_address>0x0</load_address>
         <run_address>0x0</run_address>
         <size>0x7a</size>
         <input_file_ref idref="fl-2"/>
      </object_component>
      <object_component id="oc-c7">
         <name>.debug_abbrev</name>
         <load_address>0x7a</load_address>
         <run_address>0x7a</run_address>
         <size>0x5f</size>
         <input_file_ref idref="fl-2"/>
      </object_component>
      <object_component id="oc-b4">
         <name>.debug_abbrev</name>
         <load_address>0xd9</load_address>
         <run_address>0xd9</run_address>
         <size>0x69</size>
         <input_file_ref idref="fl-2"/>
      </object_component>
      <object_component id="oc-136">
         <name>.debug_abbrev</name>
         <load_address>0x142</load_address>
         <run_address>0x142</run_address>
         <size>0x97</size>
         <input_file_ref idref="fl-2"/>
      </object_component>
      <object_component id="oc-131">
         <name>.debug_abbrev</name>
         <load_address>0x1d9</load_address>
         <run_address>0x1d9</run_address>
         <size>0xbd</size>
         <input_file_ref idref="fl-2"/>
      </object_component>
      <object_component id="oc-31">
         <name>.debug_abbrev</name>
         <load_address>0x296</load_address>
         <run_address>0x296</run_address>
         <size>0x1f</size>
         <input_file_ref idref="fl-2"/>
      </object_component>
      <object_component id="oc-109">
         <name>.debug_abbrev</name>
         <load_address>0x2b5</load_address>
         <run_address>0x2b5</run_address>
         <size>0x5c</size>
         <input_file_ref idref="fl-2"/>
      </object_component>
      <object_component id="oc-13b">
         <name>.debug_abbrev</name>
         <load_address>0x311</load_address>
         <run_address>0x311</run_address>
         <size>0x24</size>
         <input_file_ref idref="fl-2"/>
      </object_component>
      <object_component id="oc-106">
         <name>.debug_abbrev</name>
         <load_address>0x335</load_address>
         <run_address>0x335</run_address>
         <size>0x50</size>
         <input_file_ref idref="fl-4"/>
      </object_component>
      <object_component id="oc-b0">
         <name>.debug_abbrev</name>
         <load_address>0x385</load_address>
         <run_address>0x385</run_address>
         <size>0x7c</size>
         <input_file_ref idref="fl-5"/>
      </object_component>
      <object_component id="oc-70">
         <name>.debug_abbrev</name>
         <load_address>0x401</load_address>
         <run_address>0x401</run_address>
         <size>0x29</size>
         <input_file_ref idref="fl-5"/>
      </object_component>
      <object_component id="oc-ae">
         <name>.debug_abbrev</name>
         <load_address>0x42a</load_address>
         <run_address>0x42a</run_address>
         <size>0x5e</size>
         <input_file_ref idref="fl-5"/>
      </object_component>
      <object_component id="oc-af">
         <name>.debug_abbrev</name>
         <load_address>0x488</load_address>
         <run_address>0x488</run_address>
         <size>0x42</size>
         <input_file_ref idref="fl-5"/>
      </object_component>
      <object_component id="oc-73">
         <name>.debug_abbrev</name>
         <load_address>0x4ca</load_address>
         <run_address>0x4ca</run_address>
         <size>0x29</size>
         <input_file_ref idref="fl-c8"/>
      </object_component>
      <object_component id="oc-9d">
         <name>.debug_abbrev</name>
         <load_address>0x4f3</load_address>
         <run_address>0x4f3</run_address>
         <size>0x55</size>
         <input_file_ref idref="fl-c8"/>
      </object_component>
      <object_component id="oc-c6">
         <name>.debug_abbrev</name>
         <load_address>0x548</load_address>
         <run_address>0x548</run_address>
         <size>0x55</size>
         <input_file_ref idref="fl-cc"/>
      </object_component>
      <object_component id="oc-10d">
         <name>.debug_abbrev</name>
         <load_address>0x59d</load_address>
         <run_address>0x59d</run_address>
         <size>0x45</size>
         <input_file_ref idref="fl-ce"/>
      </object_component>
      <object_component id="oc-19e">
         <name>.debug_abbrev</name>
         <load_address>0x5e2</load_address>
         <run_address>0x5e2</run_address>
         <size>0xf</size>
      </object_component>
      <object_component id="oc-b6">
         <name>.debug_str</name>
         <load_address>0x0</load_address>
         <run_address>0x0</run_address>
         <size>0x2c5</size>
         <input_file_ref idref="fl-2"/>
      </object_component>
      <object_component id="oc-138">
         <name>.debug_str</name>
         <load_address>0x2c5</load_address>
         <run_address>0x2c5</run_address>
         <size>0x4b7</size>
         <input_file_ref idref="fl-2"/>
      </object_component>
      <object_component id="oc-133">
         <name>.debug_str</name>
         <load_address>0x77c</load_address>
         <run_address>0x77c</run_address>
         <size>0x1601</size>
         <input_file_ref idref="fl-2"/>
      </object_component>
      <object_component id="oc-33">
         <name>.debug_str</name>
         <load_address>0x1d7d</load_address>
         <run_address>0x1d7d</run_address>
         <size>0xfe</size>
         <input_file_ref idref="fl-2"/>
      </object_component>
      <object_component id="oc-10b">
         <name>.debug_str</name>
         <load_address>0x1e7b</load_address>
         <run_address>0x1e7b</run_address>
         <size>0x354</size>
         <input_file_ref idref="fl-2"/>
      </object_component>
      <object_component id="oc-13d">
         <name>.debug_str</name>
         <load_address>0x21cf</load_address>
         <run_address>0x21cf</run_address>
         <size>0x15d</size>
         <input_file_ref idref="fl-2"/>
      </object_component>
      <object_component id="oc-98">
         <name>.debug_aranges</name>
         <load_address>0x0</load_address>
         <run_address>0x0</run_address>
         <size>0x20</size>
         <input_file_ref idref="fl-2"/>
      </object_component>
      <object_component id="oc-ab">
         <name>.debug_aranges</name>
         <load_address>0x20</load_address>
         <run_address>0x20</run_address>
         <size>0x20</size>
         <input_file_ref idref="fl-4"/>
      </object_component>
      <object_component id="oc-65">
         <name>.debug_aranges</name>
         <load_address>0x40</load_address>
         <run_address>0x40</run_address>
         <size>0x20</size>
         <input_file_ref idref="fl-5"/>
      </object_component>
      <object_component id="oc-6c">
         <name>.debug_aranges</name>
         <load_address>0x60</load_address>
         <run_address>0x60</run_address>
         <size>0x20</size>
         <input_file_ref idref="fl-5"/>
      </object_component>
      <object_component id="oc-4d">
         <name>.debug_aranges</name>
         <load_address>0x80</load_address>
         <run_address>0x80</run_address>
         <size>0x20</size>
         <input_file_ref idref="fl-c8"/>
      </object_component>
      <object_component id="oc-92">
         <name>.debug_aranges</name>
         <load_address>0xa0</load_address>
         <run_address>0xa0</run_address>
         <size>0x20</size>
         <input_file_ref idref="fl-cc"/>
      </object_component>
      <object_component id="oc-cc">
         <name>.debug_aranges</name>
         <load_address>0xc0</load_address>
         <run_address>0xc0</run_address>
         <size>0x20</size>
         <input_file_ref idref="fl-ce"/>
      </object_component>
      <object_component id="oc-99">
         <name>.debug_pubnames</name>
         <load_address>0x0</load_address>
         <run_address>0x0</run_address>
         <size>0x1b</size>
         <input_file_ref idref="fl-2"/>
      </object_component>
      <object_component id="oc-aa">
         <name>.debug_pubnames</name>
         <load_address>0x1b</load_address>
         <run_address>0x1b</run_address>
         <size>0x21</size>
         <input_file_ref idref="fl-4"/>
      </object_component>
      <object_component id="oc-25">
         <name>.debug_pubnames</name>
         <load_address>0x3c</load_address>
         <run_address>0x3c</run_address>
         <size>0x27</size>
         <input_file_ref idref="fl-5"/>
      </object_component>
      <object_component id="oc-67">
         <name>.debug_pubnames</name>
         <load_address>0x63</load_address>
         <run_address>0x63</run_address>
         <size>0x24</size>
         <input_file_ref idref="fl-5"/>
      </object_component>
      <object_component id="oc-6e">
         <name>.debug_pubnames</name>
         <load_address>0x87</load_address>
         <run_address>0x87</run_address>
         <size>0x26</size>
         <input_file_ref idref="fl-5"/>
      </object_component>
      <object_component id="oc-28">
         <name>.debug_pubnames</name>
         <load_address>0xad</load_address>
         <run_address>0xad</run_address>
         <size>0x1e</size>
         <input_file_ref idref="fl-c8"/>
      </object_component>
      <object_component id="oc-51">
         <name>.debug_pubnames</name>
         <load_address>0xcb</load_address>
         <run_address>0xcb</run_address>
         <size>0x2d</size>
         <input_file_ref idref="fl-c8"/>
      </object_component>
      <object_component id="oc-94">
         <name>.debug_pubnames</name>
         <load_address>0xf8</load_address>
         <run_address>0xf8</run_address>
         <size>0x27</size>
         <input_file_ref idref="fl-cc"/>
      </object_component>
      <object_component id="oc-cb">
         <name>.debug_pubnames</name>
         <load_address>0x11f</load_address>
         <run_address>0x11f</run_address>
         <size>0x1c</size>
         <input_file_ref idref="fl-ce"/>
      </object_component>
      <object_component id="oc-b3">
         <name>.debug_pubtypes</name>
         <load_address>0x0</load_address>
         <run_address>0x0</run_address>
         <size>0x25c</size>
         <input_file_ref idref="fl-2"/>
      </object_component>
      <object_component id="oc-135">
         <name>.debug_pubtypes</name>
         <load_address>0x25c</load_address>
         <run_address>0x25c</run_address>
         <size>0xdd</size>
         <input_file_ref idref="fl-2"/>
      </object_component>
      <object_component id="oc-130">
         <name>.debug_pubtypes</name>
         <load_address>0x339</load_address>
         <run_address>0x339</run_address>
         <size>0x2ce</size>
         <input_file_ref idref="fl-2"/>
      </object_component>
      <object_component id="oc-30">
         <name>.debug_pubtypes</name>
         <load_address>0x607</load_address>
         <run_address>0x607</run_address>
         <size>0xed</size>
         <input_file_ref idref="fl-2"/>
      </object_component>
      <object_component id="oc-108">
         <name>.debug_pubtypes</name>
         <load_address>0x6f4</load_address>
         <run_address>0x6f4</run_address>
         <size>0x325</size>
         <input_file_ref idref="fl-2"/>
      </object_component>
      <object_component id="oc-13a">
         <name>.debug_pubtypes</name>
         <load_address>0xa19</load_address>
         <run_address>0xa19</run_address>
         <size>0xaa</size>
         <input_file_ref idref="fl-2"/>
      </object_component>
   </object_component_list>
   <logical_group_list>
      <logical_group id="lg-3" display="no" color="cyan">
         <name>.intvecs</name>
         <load_address>0x0</load_address>
         <run_address>0x0</run_address>
         <size>0xe4</size>
         <contents>
            <object_component_ref idref="oc-23"/>
         </contents>
      </logical_group>
      <logical_group id="lg-4" display="no" color="cyan">
         <name>.text</name>
         <load_address>0xe4</load_address>
         <run_address>0xe4</run_address>
         <size>0xca</size>
         <contents>
            <object_component_ref idref="oc-a8"/>
            <object_component_ref idref="oc-4c"/>
            <object_component_ref idref="oc-96"/>
            <object_component_ref idref="oc-64"/>
            <object_component_ref idref="oc-90"/>
            <object_component_ref idref="oc-c8"/>
            <object_component_ref idref="oc-6a"/>
         </contents>
      </logical_group>
      <logical_group id="lg-5" display="no" color="cyan">
         <name>.const</name>
         <run_address>0x0</run_address>
         <size>0x0</size>
         <contents>
         </contents>
      </logical_group>
      <logical_group id="lg-6" display="no" color="cyan">
         <name>.cinit</name>
         <run_address>0x0</run_address>
         <size>0x0</size>
         <contents>
         </contents>
      </logical_group>
      <logical_group id="lg-7" display="no" color="cyan">
         <name>.pinit</name>
         <run_address>0x0</run_address>
         <size>0x0</size>
         <contents>
         </contents>
      </logical_group>
      <logical_group id="lg-8" display="no" color="cyan">
         <name>.init_array</name>
         <run_address>0x0</run_address>
         <size>0x0</size>
         <contents>
         </contents>
      </logical_group>
      <logical_group id="lg-9" display="no" color="cyan">
         <name>.binit</name>
         <load_address>0x0</load_address>
         <run_address>0x0</run_address>
         <size>0x0</size>
         <contents>
            <object_component_ref idref="oc-170"/>
         </contents>
      </logical_group>
      <logical_group id="lg-a" display="no" color="cyan">
         <name>.flashMailbox</name>
         <run_address>0x0</run_address>
         <size>0x0</size>
         <contents>
         </contents>
      </logical_group>
      <logical_group id="lg-b" display="no" color="cyan">
         <name>.tlvTable</name>
         <run_address>0x0</run_address>
         <size>0x0</size>
         <contents>
         </contents>
      </logical_group>
      <logical_group id="lg-c" display="no" color="cyan">
         <name>.bslArea</name>
         <run_address>0x0</run_address>
         <size>0x0</size>
         <contents>
         </contents>
      </logical_group>
      <logical_group id="lg-d" display="no" color="cyan">
         <name>.vtable</name>
         <run_address>0x0</run_address>
         <size>0x0</size>
         <contents>
         </contents>
      </logical_group>
      <logical_group id="lg-e" display="no" color="cyan">
         <name>.data</name>
         <run_address>0x0</run_address>
         <size>0x0</size>
         <contents>
         </contents>
      </logical_group>
      <logical_group id="lg-f" display="no" color="cyan">
         <name>.bss</name>
         <run_address>0x0</run_address>
         <size>0x0</size>
         <contents>
         </contents>
      </logical_group>
      <logical_group id="lg-10" display="no" color="cyan">
         <name>.sysmem</name>
         <run_address>0x0</run_address>
         <size>0x0</size>
         <contents>
         </contents>
      </logical_group>
      <logical_group id="lg-11" display="no" color="cyan">
         <name>.stack</name>
         <run_address>0x2000fe00</run_address>
         <size>0x200</size>
         <contents>
            <object_component_ref idref="oc-26"/>
            <object_component_ref idref="oc-19c"/>
         </contents>
      </logical_group>
      <logical_group id="lg-12" display="no" color="cyan">
         <name>.TI.ramfunc</name>
         <run_address>0x0</run_address>
         <size>0x0</size>
         <contents>
         </contents>
      </logical_group>
      <logical_group id="lg-16e" display="no" color="cyan">
         <name>.TI.noinit</name>
         <run_address>0x0</run_address>
         <size>0x0</size>
         <contents>
         </contents>
      </logical_group>
      <logical_group id="lg-16f" display="no" color="cyan">
         <name>.TI.persistent</name>
         <run_address>0x0</run_address>
         <size>0x0</size>
         <contents>
         </contents>
      </logical_group>
      <logical_group id="lg-183" display="never" color="cyan">
         <name>.debug_info</name>
         <load_address>0x0</load_address>
         <run_address>0x0</run_address>
         <size>0x62d1</size>
         <contents>
            <object_component_ref idref="oc-10c"/>
            <object_component_ref idref="oc-97"/>
            <object_component_ref idref="oc-b2"/>
            <object_component_ref idref="oc-134"/>
            <object_component_ref idref="oc-12f"/>
            <object_component_ref idref="oc-2f"/>
            <object_component_ref idref="oc-107"/>
            <object_component_ref idref="oc-139"/>
            <object_component_ref idref="oc-a9"/>
            <object_component_ref idref="oc-72"/>
            <object_component_ref idref="oc-24"/>
            <object_component_ref idref="oc-66"/>
            <object_component_ref idref="oc-6d"/>
            <object_component_ref idref="oc-27"/>
            <object_component_ref idref="oc-50"/>
            <object_component_ref idref="oc-93"/>
            <object_component_ref idref="oc-ca"/>
            <object_component_ref idref="oc-19d"/>
         </contents>
      </logical_group>
      <logical_group id="lg-185" display="never" color="cyan">
         <name>.debug_line</name>
         <load_address>0x0</load_address>
         <run_address>0x0</run_address>
         <size>0x570</size>
         <contents>
            <object_component_ref idref="oc-12e"/>
            <object_component_ref idref="oc-9b"/>
            <object_component_ref idref="oc-b5"/>
            <object_component_ref idref="oc-137"/>
            <object_component_ref idref="oc-132"/>
            <object_component_ref idref="oc-32"/>
            <object_component_ref idref="oc-10a"/>
            <object_component_ref idref="oc-13c"/>
            <object_component_ref idref="oc-ac"/>
            <object_component_ref idref="oc-b1"/>
            <object_component_ref idref="oc-71"/>
            <object_component_ref idref="oc-69"/>
            <object_component_ref idref="oc-6b"/>
            <object_component_ref idref="oc-74"/>
            <object_component_ref idref="oc-4f"/>
            <object_component_ref idref="oc-91"/>
            <object_component_ref idref="oc-c9"/>
         </contents>
      </logical_group>
      <logical_group id="lg-187" display="never" color="cyan">
         <name>.debug_frame</name>
         <load_address>0x0</load_address>
         <run_address>0x0</run_address>
         <size>0x250</size>
         <contents>
            <object_component_ref idref="oc-9a"/>
            <object_component_ref idref="oc-ad"/>
            <object_component_ref idref="oc-68"/>
            <object_component_ref idref="oc-6f"/>
            <object_component_ref idref="oc-4e"/>
            <object_component_ref idref="oc-95"/>
            <object_component_ref idref="oc-cd"/>
         </contents>
      </logical_group>
      <logical_group id="lg-189" display="never" color="cyan">
         <name>.debug_abbrev</name>
         <load_address>0x0</load_address>
         <run_address>0x0</run_address>
         <size>0x5f1</size>
         <contents>
            <object_component_ref idref="oc-12d"/>
            <object_component_ref idref="oc-c7"/>
            <object_component_ref idref="oc-b4"/>
            <object_component_ref idref="oc-136"/>
            <object_component_ref idref="oc-131"/>
            <object_component_ref idref="oc-31"/>
            <object_component_ref idref="oc-109"/>
            <object_component_ref idref="oc-13b"/>
            <object_component_ref idref="oc-106"/>
            <object_component_ref idref="oc-b0"/>
            <object_component_ref idref="oc-70"/>
            <object_component_ref idref="oc-ae"/>
            <object_component_ref idref="oc-af"/>
            <object_component_ref idref="oc-73"/>
            <object_component_ref idref="oc-9d"/>
            <object_component_ref idref="oc-c6"/>
            <object_component_ref idref="oc-10d"/>
            <object_component_ref idref="oc-19e"/>
         </contents>
      </logical_group>
      <logical_group id="lg-18b" display="never" color="cyan">
         <name>.debug_str</name>
         <load_address>0x0</load_address>
         <run_address>0x0</run_address>
         <size>0x232c</size>
         <contents>
            <object_component_ref idref="oc-b6"/>
            <object_component_ref idref="oc-138"/>
            <object_component_ref idref="oc-133"/>
            <object_component_ref idref="oc-33"/>
            <object_component_ref idref="oc-10b"/>
            <object_component_ref idref="oc-13d"/>
         </contents>
      </logical_group>
      <logical_group id="lg-18d" display="never" color="cyan">
         <name>.debug_aranges</name>
         <load_address>0x0</load_address>
         <run_address>0x0</run_address>
         <size>0xe0</size>
         <contents>
            <object_component_ref idref="oc-98"/>
            <object_component_ref idref="oc-ab"/>
            <object_component_ref idref="oc-65"/>
            <object_component_ref idref="oc-6c"/>
            <object_component_ref idref="oc-4d"/>
            <object_component_ref idref="oc-92"/>
            <object_component_ref idref="oc-cc"/>
         </contents>
      </logical_group>
      <logical_group id="lg-18f" display="never" color="cyan">
         <name>.debug_pubnames</name>
         <load_address>0x0</load_address>
         <run_address>0x0</run_address>
         <size>0x13b</size>
         <contents>
            <object_component_ref idref="oc-99"/>
            <object_component_ref idref="oc-aa"/>
            <object_component_ref idref="oc-25"/>
            <object_component_ref idref="oc-67"/>
            <object_component_ref idref="oc-6e"/>
            <object_component_ref idref="oc-28"/>
            <object_component_ref idref="oc-51"/>
            <object_component_ref idref="oc-94"/>
            <object_component_ref idref="oc-cb"/>
         </contents>
      </logical_group>
      <logical_group id="lg-191" display="never" color="cyan">
         <name>.debug_pubtypes</name>
         <load_address>0x0</load_address>
         <run_address>0x0</run_address>
         <size>0xac3</size>
         <contents>
            <object_component_ref idref="oc-b3"/>
            <object_component_ref idref="oc-135"/>
            <object_component_ref idref="oc-130"/>
            <object_component_ref idref="oc-30"/>
            <object_component_ref idref="oc-108"/>
            <object_component_ref idref="oc-13a"/>
         </contents>
      </logical_group>
      <load_segment id="lg-19f" display="no" color="cyan">
         <name>SEGMENT_0</name>
         <load_address>0x0</load_address>
         <run_address>0x0</run_address>
         <size>0x1ae</size>
         <flags>0x5</flags>
         <contents>
            <logical_group_ref idref="lg-3"/>
            <logical_group_ref idref="lg-4"/>
         </contents>
      </load_segment>
      <load_segment id="lg-1a0" display="no" color="cyan">
         <name>SEGMENT_1</name>
         <run_address>0x2000fe00</run_address>
         <size>0x200</size>
         <flags>0x6</flags>
         <contents>
            <logical_group_ref idref="lg-11"/>
         </contents>
      </load_segment>
   </logical_group_list>
   <placement_map>
      <memory_area display="yes" color="green">
         <name>MAIN</name>
         <page_id>0x0</page_id>
         <origin>0x0</origin>
         <length>0x40000</length>
         <used_space>0x1ae</used_space>
         <unused_space>0x3fe52</unused_space>
         <attributes>RX</attributes>
         <usage_details>
            <allocated_space>
               <start_address>0x0</start_address>
               <size>0x0</size>
               <logical_group_ref idref="lg-9"/>
            </allocated_space>
            <allocated_space>
               <start_address>0x0</start_address>
               <size>0xe4</size>
               <logical_group_ref idref="lg-3"/>
            </allocated_space>
            <allocated_space>
               <start_address>0xe4</start_address>
               <size>0xca</size>
               <logical_group_ref idref="lg-4"/>
            </allocated_space>
            <available_space>
               <start_address>0x1ae</start_address>
               <size>0x3fe52</size>
            </available_space>
         </usage_details>
      </memory_area>
      <memory_area display="yes" color="green">
         <name>INFO</name>
         <page_id>0x0</page_id>
         <origin>0x200000</origin>
         <length>0x4000</length>
         <used_space>0x0</used_space>
         <unused_space>0x4000</unused_space>
         <attributes>RX</attributes>
         <usage_details>
         </usage_details>
      </memory_area>
      <memory_area display="yes" color="green">
         <name>SRAM_CODE</name>
         <page_id>0x0</page_id>
         <origin>0x1000000</origin>
         <length>0x10000</length>
         <used_space>0x200</used_space>
         <unused_space>0xfe00</unused_space>
         <attributes>RWX</attributes>
         <usage_details>
            <available_space>
               <start_address>0x1000000</start_address>
               <size>0xfe00</size>
            </available_space>
            <allocated_space>
               <start_address>0x100fe00</start_address>
               <size>0x200</size>
               <logical_group_ref idref="lg-11"/>
            </allocated_space>
         </usage_details>
      </memory_area>
      <memory_area display="yes" color="green">
         <name>SRAM_DATA</name>
         <page_id>0x0</page_id>
         <origin>0x20000000</origin>
         <length>0x10000</length>
         <used_space>0x200</used_space>
         <unused_space>0xfe00</unused_space>
         <attributes>RW</attributes>
         <usage_details>
            <available_space>
               <start_address>0x20000000</start_address>
               <size>0xfe00</size>
            </available_space>
            <allocated_space>
               <start_address>0x2000fe00</start_address>
               <size>0x200</size>
               <logical_group_ref idref="lg-11"/>
            </allocated_space>
         </usage_details>
      </memory_area>
   </placement_map>
   <symbol_table>
      <symbol id="sm-1">
         <name>WDTCTL_SYM</name>
         <value>0x4000480c</value>
      </symbol>
      <symbol id="sm-2">
         <name>binit</name>
         <value>0xffffffff</value>
      </symbol>
      <symbol id="sm-3">
         <name>__binit__</name>
         <value>0xffffffff</value>
      </symbol>
      <symbol id="sm-4">
         <name>__STACK_SIZE</name>
         <value>0x200</value>
      </symbol>
      <symbol id="sm-5">
         <name>__STACK_END</name>
         <value>0x20010000</value>
      </symbol>
      <symbol id="sm-6">
         <name>__c_args__</name>
         <value>0xffffffff</value>
      </symbol>
      <symbol id="sm-7">
         <name>__TI_pprof_out_hndl</name>
         <value>0xffffffff</value>
      </symbol>
      <symbol id="sm-8">
         <name>__TI_prof_data_start</name>
         <value>0xffffffff</value>
      </symbol>
      <symbol id="sm-9">
         <name>__TI_prof_data_size</name>
         <value>0xffffffff</value>
      </symbol>
      <symbol id="sm-a">
         <name>__TI_static_base__</name>
         <value>0x0</value>
      </symbol>
      <symbol id="sm-51">
         <name>main</name>
         <value>0x189</value>
         <object_component_ref idref="oc-96"/>
      </symbol>
      <symbol id="sm-65">
         <name>SystemInit</name>
         <value>0xe5</value>
         <object_component_ref idref="oc-a8"/>
      </symbol>
      <symbol id="sm-81">
         <name>Reset_Handler</name>
         <value>0x199</value>
         <object_component_ref idref="oc-64"/>
      </symbol>
      <symbol id="sm-82">
         <name>Default_Handler</name>
         <value>0x1ad</value>
         <object_component_ref idref="oc-6a"/>
      </symbol>
      <symbol id="sm-83">
         <name>interruptVectors</name>
         <value>0x0</value>
         <object_component_ref idref="oc-23"/>
      </symbol>
      <symbol id="sm-99">
         <name>_c_int00_noinit_noargs</name>
         <value>0x15d</value>
         <object_component_ref idref="oc-4c"/>
      </symbol>
      <symbol id="sm-9a">
         <name>__stack</name>
         <value>0x2000fe00</value>
         <object_component_ref idref="oc-26"/>
      </symbol>
      <symbol id="sm-a7">
         <name>_system_pre_init</name>
         <value>0x1a5</value>
         <object_component_ref idref="oc-90"/>
      </symbol>
      <symbol id="sm-b3">
         <name>C$$EXIT</name>
         <value>0x1a9</value>
         <object_component_ref idref="oc-c8"/>
      </symbol>
      <symbol id="sm-b4">
         <name>abort</name>
         <value>0x1a9</value>
         <object_component_ref idref="oc-c8"/>
      </symbol>
      <symbol id="sm-b7">
         <name>__mpu_init</name>
         <value>0x0</value>
      </symbol>
      <symbol id="sm-b8">
         <name>NMI_Handler</name>
         <value>0x1ad</value>
      </symbol>
      <symbol id="sm-b9">
         <name>HardFault_Handler</name>
         <value>0x1ad</value>
      </symbol>
      <symbol id="sm-ba">
         <name>MemManage_Handler</name>
         <value>0x1ad</value>
      </symbol>
      <symbol id="sm-bb">
         <name>BusFault_Handler</name>
         <value>0x1ad</value>
      </symbol>
      <symbol id="sm-bc">
         <name>UsageFault_Handler</name>
         <value>0x1ad</value>
      </symbol>
      <symbol id="sm-bd">
         <name>SVC_Handler</name>
         <value>0x1ad</value>
      </symbol>
      <symbol id="sm-be">
         <name>DebugMon_Handler</name>
         <value>0x1ad</value>
      </symbol>
      <symbol id="sm-bf">
         <name>PendSV_Handler</name>
         <value>0x1ad</value>
      </symbol>
      <symbol id="sm-c0">
         <name>SysTick_Handler</name>
         <value>0x1ad</value>
      </symbol>
      <symbol id="sm-c1">
         <name>PSS_IRQHandler</name>
         <value>0x1ad</value>
      </symbol>
      <symbol id="sm-c2">
         <name>CS_IRQHandler</name>
         <value>0x1ad</value>
      </symbol>
      <symbol id="sm-c3">
         <name>PCM_IRQHandler</name>
         <value>0x1ad</value>
      </symbol>
      <symbol id="sm-c4">
         <name>WDT_A_IRQHandler</name>
         <value>0x1ad</value>
      </symbol>
      <symbol id="sm-c5">
         <name>FPU_IRQHandler</name>
         <value>0x1ad</value>
      </symbol>
      <symbol id="sm-c6">
         <name>FLCTL_IRQHandler</name>
         <value>0x1ad</value>
      </symbol>
      <symbol id="sm-c7">
         <name>COMP_E0_IRQHandler</name>
         <value>0x1ad</value>
      </symbol>
      <symbol id="sm-c8">
         <name>COMP_E1_IRQHandler</name>
         <value>0x1ad</value>
      </symbol>
      <symbol id="sm-c9">
         <name>TA0_0_IRQHandler</name>
         <value>0x1ad</value>
      </symbol>
      <symbol id="sm-ca">
         <name>TA0_N_IRQHandler</name>
         <value>0x1ad</value>
      </symbol>
      <symbol id="sm-cb">
         <name>TA1_0_IRQHandler</name>
         <value>0x1ad</value>
      </symbol>
      <symbol id="sm-cc">
         <name>TA1_N_IRQHandler</name>
         <value>0x1ad</value>
      </symbol>
      <symbol id="sm-cd">
         <name>TA2_0_IRQHandler</name>
         <value>0x1ad</value>
      </symbol>
      <symbol id="sm-ce">
         <name>TA2_N_IRQHandler</name>
         <value>0x1ad</value>
      </symbol>
      <symbol id="sm-cf">
         <name>TA3_0_IRQHandler</name>
         <value>0x1ad</value>
      </symbol>
      <symbol id="sm-d0">
         <name>TA3_N_IRQHandler</name>
         <value>0x1ad</value>
      </symbol>
      <symbol id="sm-d1">
         <name>EUSCIA0_IRQHandler</name>
         <value>0x1ad</value>
      </symbol>
      <symbol id="sm-d2">
         <name>EUSCIA1_IRQHandler</name>
         <value>0x1ad</value>
      </symbol>
      <symbol id="sm-d3">
         <name>EUSCIA2_IRQHandler</name>
         <value>0x1ad</value>
      </symbol>
      <symbol id="sm-d4">
         <name>EUSCIA3_IRQHandler</name>
         <value>0x1ad</value>
      </symbol>
      <symbol id="sm-d5">
         <name>EUSCIB0_IRQHandler</name>
         <value>0x1ad</value>
      </symbol>
      <symbol id="sm-d6">
         <name>EUSCIB1_IRQHandler</name>
         <value>0x1ad</value>
      </symbol>
      <symbol id="sm-d7">
         <name>EUSCIB2_IRQHandler</name>
         <value>0x1ad</value>
      </symbol>
      <symbol id="sm-d8">
         <name>EUSCIB3_IRQHandler</name>
         <value>0x1ad</value>
      </symbol>
      <symbol id="sm-d9">
         <name>ADC14_IRQHandler</name>
         <value>0x1ad</value>
      </symbol>
      <symbol id="sm-da">
         <name>T32_INT1_IRQHandler</name>
         <value>0x1ad</value>
      </symbol>
      <symbol id="sm-db">
         <name>T32_INT2_IRQHandler</name>
         <value>0x1ad</value>
      </symbol>
      <symbol id="sm-dc">
         <name>T32_INTC_IRQHandler</name>
         <value>0x1ad</value>
      </symbol>
      <symbol id="sm-dd">
         <name>AES256_IRQHandler</name>
         <value>0x1ad</value>
      </symbol>
      <symbol id="sm-de">
         <name>RTC_C_IRQHandler</name>
         <value>0x1ad</value>
      </symbol>
      <symbol id="sm-df">
         <name>DMA_ERR_IRQHandler</name>
         <value>0x1ad</value>
      </symbol>
      <symbol id="sm-e0">
         <name>DMA_INT3_IRQHandler</name>
         <value>0x1ad</value>
      </symbol>
      <symbol id="sm-e1">
         <name>DMA_INT2_IRQHandler</name>
         <value>0x1ad</value>
      </symbol>
      <symbol id="sm-e2">
         <name>DMA_INT1_IRQHandler</name>
         <value>0x1ad</value>
      </symbol>
      <symbol id="sm-e3">
         <name>DMA_INT0_IRQHandler</name>
         <value>0x1ad</value>
      </symbol>
      <symbol id="sm-e4">
         <name>PORT1_IRQHandler</name>
         <value>0x1ad</value>
      </symbol>
      <symbol id="sm-e5">
         <name>PORT2_IRQHandler</name>
         <value>0x1ad</value>
      </symbol>
      <symbol id="sm-e6">
         <name>PORT3_IRQHandler</name>
         <value>0x1ad</value>
      </symbol>
      <symbol id="sm-e7">
         <name>PORT4_IRQHandler</name>
         <value>0x1ad</value>
      </symbol>
      <symbol id="sm-e8">
         <name>PORT5_IRQHandler</name>
         <value>0x1ad</value>
      </symbol>
      <symbol id="sm-e9">
         <name>PORT6_IRQHandler</name>
         <value>0x1ad</value>
      </symbol>
   </symbol_table>
   <title>Link successful</title>
</link_info>
